"","Virus","Subtype","clade","day","Sample","sample_time","ferret","PFU","RNA","ratio","AUC_PFU","AUC_RNA","ratio_auc","trans","trans_cat","trans_3cat"
"1","WA239","H5N1","D1.1","d1","SPOT","30min","6754",0,3.15398801955663,0,0,2.86736083886118,0,0,"non-transmissible","Non-transmissible"
"2","WA239","H5N1","D1.1","d1","SPOT","30min","6756",0.529827543193592,3.42084571692909,2.8910181737355,0.161850819941071,3.17373237257089,3.01188155262982,0,"non-transmissible","Non-transmissible"
"3","WA239","H5N1","D1.1","d1","SPOT","30min","6758",0.830857538857573,2.8129453339328,1.98208779507523,0.940002070324715,4.16131957030944,3.22131749998472,0,"non-transmissible","Non-transmissible"
"4","WA239","H5N1","D1.1","d1","NIOSH","30min","6754",0,2.82546377121983,0,-0.185636576961912,3.74654725353113,3.93218383049304,0,"non-transmissible","Non-transmissible"
"5","WA239","H5N1","D1.1","d1","NIOSH","30min","6756",0.592514673421732,2.85476409684025,2.26224942341852,0.416423414366051,3.75064882366002,3.33422540929396,0,"non-transmissible","Non-transmissible"
"6","WA239","H5N1","D1.1","d1","NIOSH","30min","6758",0,3.489310144228,0,0.554726112532332,3.58278710392072,3.02806099138838,0,"non-transmissible","Non-transmissible"
"7","WA239","H5N1","D1.1","d1","NIOSH","30min","6754",0,2.93067775214338,0,-0.185636576961912,3.74654725353113,3.93218383049304,0,"non-transmissible","Non-transmissible"
"8","WA239","H5N1","D1.1","d1","NIOSH","30min","6756",0.416423414366051,2.58814895707573,2.17172554270968,0.416423414366051,3.75064882366002,3.33422540929396,0,"non-transmissible","Non-transmissible"
"9","WA239","H5N1","D1.1","d1","NIOSH","30min","6758",0.814363423038088,3.50112647479079,2.68676305175271,0.554726112532332,3.58278710392072,3.02806099138838,0,"non-transmissible","Non-transmissible"
"10","WA239","H5N1","D1.1","d1","NW","","6754",4.27875360095283,7.08439284409029,2.80563924313746,5.56169753265399,8.7961324939766,3.23443496132261,0,"non-transmissible","Non-transmissible"
"11","WA239","H5N1","D1.1","d1","NW","","6756",4.3324384599156,7.37997757908462,3.04753911916901,4.93826948346291,8.60681779070029,3.66854830723738,0,"non-transmissible","Non-transmissible"
"12","WA239","H5N1","D1.1","d1","NW","","6758",4,7.13660201793525,3.13660201793525,5.49415459401844,8.62999749781073,3.13584290379229,0,"non-transmissible","Non-transmissible"
"13","WA239","H5N1","D1.1","d2","SPOT","30min","6754",0,3.00279653804063,0,0,2.86736083886118,0,0,"non-transmissible","Non-transmissible"
"14","WA239","H5N1","D1.1","d2","SPOT","30min","6756",0,3.26540445959109,0,0.161850819941071,3.17373237257089,3.01188155262982,0,"non-transmissible","Non-transmissible"
"15","WA239","H5N1","D1.1","d2","SPOT","30min","6758",0.830857538857573,4.42112712151915,3.59026958266157,0.940002070324715,4.16131957030944,3.22131749998472,0,"non-transmissible","Non-transmissible"
"16","WA239","H5N1","D1.1","d2","NIOSH","30min","6754",0.11539341870207,3.91638446786058,3.80099104915851,-0.185636576961912,3.74654725353113,3.93218383049304,0,"non-transmissible","Non-transmissible"
"17","WA239","H5N1","D1.1","d2","NIOSH","30min","6756",0,3.43922270915321,0,0.416423414366051,3.75064882366002,3.33422540929396,0,"non-transmissible","Non-transmissible"
"18","WA239","H5N1","D1.1","d2","NIOSH","30min","6758",0.11539341870207,3.04739184273102,2.93199842402895,0.554726112532332,3.58278710392072,3.02806099138838,0,"non-transmissible","Non-transmissible"
"19","WA239","H5N1","D1.1","d2","NIOSH","30min","6754",0,2.9825724160148,0,-0.185636576961912,3.74654725353113,3.93218383049304,0,"non-transmissible","Non-transmissible"
"20","WA239","H5N1","D1.1","d2","NIOSH","30min","6756",0,3.81123013588418,0,0.416423414366051,3.75064882366002,3.33422540929396,0,"non-transmissible","Non-transmissible"
"21","WA239","H5N1","D1.1","d2","NIOSH","30min","6758",0.11539341870207,2.86122780503129,2.74583438632922,0.554726112532332,3.58278710392072,3.02806099138838,0,"non-transmissible","Non-transmissible"
"22","WA239","H5N1","D1.1","d2","NW","","6754",5.24303804868629,8.34162864609922,3.09859059741292,5.56169753265399,8.7961324939766,3.23443496132261,0,"non-transmissible","Non-transmissible"
"23","WA239","H5N1","D1.1","d2","NW","","6756",4.32221929473392,7.79189189873448,3.46967260400056,4.93826948346291,8.60681779070029,3.66854830723738,0,"non-transmissible","Non-transmissible"
"24","WA239","H5N1","D1.1","d2","NW","","6758",3.84509804001426,7.9589963266467,4.11389828663244,5.49415459401844,8.62999749781073,3.13584290379229,0,"non-transmissible","Non-transmissible"
"25","WA239","H5N1","D1.1","d3","SPOT","30min","6754",0,0,0,0,2.86736083886118,0,0,"non-transmissible","Non-transmissible"
"26","WA239","H5N1","D1.1","d3","SPOT","30min","6756",0.529827543193592,2.80734022091741,2.27751267772382,0.161850819941071,3.17373237257089,3.01188155262982,0,"non-transmissible","Non-transmissible"
"27","WA239","H5N1","D1.1","d3","SPOT","30min","6758",1.30797879357724,4.15433266060441,2.84635386702717,0.940002070324715,4.16131957030944,3.22131749998472,0,"non-transmissible","Non-transmissible"
"28","WA239","H5N1","D1.1","d3","NIOSH","30min","6754",0,2.94904038959338,0,-0.185636576961912,3.74654725353113,3.93218383049304,0,"non-transmissible","Non-transmissible"
"29","WA239","H5N1","D1.1","d3","NIOSH","30min","6756",0,3.0772961740954,0,0.416423414366051,3.75064882366002,3.33422540929396,0,"non-transmissible","Non-transmissible"
"30","WA239","H5N1","D1.1","d3","NIOSH","30min","6758",0,3.3101988613472,0,0.554726112532332,3.58278710392072,3.02806099138838,0,"non-transmissible","Non-transmissible"
"31","WA239","H5N1","D1.1","d3","NIOSH","30min","6754",0,3.17202769291198,0,-0.185636576961912,3.74654725353113,3.93218383049304,0,"non-transmissible","Non-transmissible"
"32","WA239","H5N1","D1.1","d3","NIOSH","30min","6756",0.592514673421732,3.2506676749778,2.65815300155606,0.416423414366051,3.75064882366002,3.33422540929396,0,"non-transmissible","Non-transmissible"
"33","WA239","H5N1","D1.1","d3","NIOSH","30min","6758",0.416423414366051,3.52157688527489,3.10515347090884,0.554726112532332,3.58278710392072,3.02806099138838,0,"non-transmissible","Non-transmissible"
"34","WA239","H5N1","D1.1","d3","NW","","6754",5.55630250076729,8.90275640734443,3.34645390657714,5.56169753265399,8.7961324939766,3.23443496132261,0,"non-transmissible","Non-transmissible"
"35","WA239","H5N1","D1.1","d3","NW","","6756",5.04139268515823,8.82018036886454,3.77878768370632,4.93826948346291,8.60681779070029,3.66854830723738,0,"non-transmissible","Non-transmissible"
"36","WA239","H5N1","D1.1","d3","NW","","6758",5.77815125038364,8.81788039708447,3.03972914670083,5.49415459401844,8.62999749781073,3.13584290379229,0,"non-transmissible","Non-transmissible"
"37","WA239","H5N1","D1.1","d5","SPOT","30min","6754",0.529827543193592,3.4923381211449,2.96251057795131,0,2.86736083886118,0,0,"non-transmissible","Non-transmissible"
"38","WA239","H5N1","D1.1","d5","SPOT","30min","6756",0.529827543193592,3.70874211634608,3.17891457315249,0.161850819941071,3.17373237257089,3.01188155262982,0,"non-transmissible","Non-transmissible"
"39","WA239","H5N1","D1.1","d5","SPOT","30min","6758",0.529827543193592,3.59099411092723,3.06116656773363,0.940002070324715,4.16131957030944,3.22131749998472,0,"non-transmissible","Non-transmissible"
"40","WA239","H5N1","D1.1","d5","NIOSH","30min","6754",0,3.52344164502478,0,-0.185636576961912,3.74654725353113,3.93218383049304,0,"non-transmissible","Non-transmissible"
"41","WA239","H5N1","D1.1","d5","NIOSH","30min","6756",0,4.31452568600064,0,0.416423414366051,3.75064882366002,3.33422540929396,0,"non-transmissible","Non-transmissible"
"42","WA239","H5N1","D1.1","d5","NIOSH","30min","6758",0.11539341870207,3.81159782715338,3.69620440845131,0.554726112532332,3.58278710392072,3.02806099138838,0,"non-transmissible","Non-transmissible"
"43","WA239","H5N1","D1.1","d5","NIOSH","30min","6754",0,3.86892592249177,0,-0.185636576961912,3.74654725353113,3.93218383049304,0,"non-transmissible","Non-transmissible"
"44","WA239","H5N1","D1.1","d5","NIOSH","30min","6756",0,3.67667211677834,0,0.416423414366051,3.75064882366002,3.33422540929396,0,"non-transmissible","Non-transmissible"
"45","WA239","H5N1","D1.1","d5","NIOSH","30min","6758",0,3.24250788557616,0,0.554726112532332,3.58278710392072,3.02806099138838,0,"non-transmissible","Non-transmissible"
"46","WA239","H5N1","D1.1","d5","NW","","6754",5.19033169817029,7.82501952841807,2.63468783024778,5.56169753265399,8.7961324939766,3.23443496132261,0,"non-transmissible","Non-transmissible"
"47","WA239","H5N1","D1.1","d5","NW","","6756",4.30102999566398,9.18671740047368,4.8856874048097,4.93826948346291,8.60681779070029,3.66854830723738,0,"non-transmissible","Non-transmissible"
"48","WA239","H5N1","D1.1","d5","NW","","6758",4.14612803567824,7.83797045126209,3.69184241558385,5.49415459401844,8.62999749781073,3.13584290379229,0,"non-transmissible","Non-transmissible"
"49","CA147","H5N1","B3.13","d1","SPOT","30min","6762",1.30797879357724,4.07001340467341,2.76203461109617,0.705918864291347,4.21010553929915,3.5041866750078,0,"non-transmissible","Non-transmissible"
"50","CA147","H5N1","B3.13","d1","SPOT","30min","6763",0.529827543193592,0,0,-0.13917917572291,2.49505297498815,2.63423215071106,0,"non-transmissible","Non-transmissible"
"51","CA147","H5N1","B3.13","d1","SPOT","30min","6764",1.83085753885757,3.6652589078729,1.83440136901532,1.39229974131934,5.92890709130942,4.53660734999008,0,"non-transmissible","Non-transmissible"
"52","CA147","H5N1","B3.13","d1","NIOSH","30min","6762",1.26152145438031,4.08124348600196,2.81972203162165,0.911273436046145,4.27724874833091,3.36597531228476,0,"non-transmissible","Non-transmissible"
"53","CA147","H5N1","B3.13","d1","NIOSH","30min","6763",0.11539341870207,3.86464011911558,3.74924670041351,2.23924505966916,5.56230698460636,3.3230619249372,0,"non-transmissible","Non-transmissible"
"54","CA147","H5N1","B3.13","d1","NIOSH","30min","6764",1.54675718286106,4.71055741600117,3.16380023314012,1.06963592814139,4.57493368789977,3.50529775975838,0,"non-transmissible","Non-transmissible"
"55","CA147","H5N1","B3.13","d1","NIOSH","30min","6762",0.592514673421732,3.20042976330363,2.6079150898819,0.911273436046145,4.27724874833091,3.36597531228476,0,"non-transmissible","Non-transmissible"
"56","CA147","H5N1","B3.13","d1","NIOSH","30min","6763",0.960491458716326,3.76134864519136,2.80085718647503,2.23924505966916,5.56230698460636,3.3230619249372,0,"non-transmissible","Non-transmissible"
"57","CA147","H5N1","B3.13","d1","NIOSH","30min","6764",0.11539341870207,4.27955107731566,4.16415765861359,1.06963592814139,4.57493368789977,3.50529775975838,0,"non-transmissible","Non-transmissible"
"58","CA147","H5N1","B3.13","d1","NW","","6762",6,8.42933190102662,2.42933190102662,6.55022835305509,9.28357226402456,2.73334391096947,0,"non-transmissible","Non-transmissible"
"59","CA147","H5N1","B3.13","d1","NW","","6763",6,8.92668176218857,2.92668176218857,8.01494034979294,9.75976634794925,1.74482599815631,0,"non-transmissible","Non-transmissible"
"60","CA147","H5N1","B3.13","d1","NW","","6764",6.43136376415899,8.5648599148094,2.13349615065041,7.22659990520736,9.76907756750982,2.54247766230246,0,"non-transmissible","Non-transmissible"
"61","CA147","H5N1","B3.13","d2","SPOT","30min","6762",0,0,0,0.705918864291347,4.21010553929915,3.5041866750078,0,"non-transmissible","Non-transmissible"
"62","CA147","H5N1","B3.13","d2","SPOT","30min","6763",0,0,0,-0.13917917572291,2.49505297498815,2.63423215071106,0,"non-transmissible","Non-transmissible"
"63","CA147","H5N1","B3.13","d2","SPOT","30min","6764",1.37492558320785,6.29514978730449,4.92022420409664,1.39229974131934,5.92890709130942,4.53660734999008,0,"non-transmissible","Non-transmissible"
"64","CA147","H5N1","B3.13","d2","NIOSH","30min","6762",0,3.3345686588635,0,0.911273436046145,4.27724874833091,3.36597531228476,0,"non-transmissible","Non-transmissible"
"65","CA147","H5N1","B3.13","d2","NIOSH","30min","6763",0.11539341870207,4.36296315887739,4.24756974017532,2.23924505966916,5.56230698460636,3.3230619249372,0,"non-transmissible","Non-transmissible"
"66","CA147","H5N1","B3.13","d2","NIOSH","30min","6764",0,3.56198274883346,0,1.06963592814139,4.57493368789977,3.50529775975838,0,"non-transmissible","Non-transmissible"
"67","CA147","H5N1","B3.13","d2","NIOSH","30min","6762",0.11539341870207,4.06437774592373,3.94898432722166,0.911273436046145,4.27724874833091,3.36597531228476,0,"non-transmissible","Non-transmissible"
"68","CA147","H5N1","B3.13","d2","NIOSH","30min","6763",2.52193359913602,5.84237869571898,3.32044509658296,2.23924505966916,5.56230698460636,3.3230619249372,0,"non-transmissible","Non-transmissible"
"69","CA147","H5N1","B3.13","d2","NIOSH","30min","6764",0,3.40092524381347,0,1.06963592814139,4.57493368789977,3.50529775975838,0,"non-transmissible","Non-transmissible"
"70","CA147","H5N1","B3.13","d2","NW","","6762",6.43136376415899,9.06902969564468,2.63766593148569,6.55022835305509,9.28357226402456,2.73334391096947,0,"non-transmissible","Non-transmissible"
"71","CA147","H5N1","B3.13","d2","NW","","6763",8,9.42201672605168,1.42201672605168,8.01494034979294,9.75976634794925,1.74482599815631,0,"non-transmissible","Non-transmissible"
"72","CA147","H5N1","B3.13","d2","NW","","6764",7.11394335230684,9.65313095875548,2.53918760644864,7.22659990520736,9.76907756750982,2.54247766230246,0,"non-transmissible","Non-transmissible"
"73","CA147","H5N1","B3.13","d3","SPOT","30min","6762",0.529827543193592,4.80586443106314,4.27603688786955,0.705918864291347,4.21010553929915,3.5041866750078,0,"non-transmissible","Non-transmissible"
"74","CA147","H5N1","B3.13","d3","SPOT","30min","6763",0,2.86302969824067,0,-0.13917917572291,2.49505297498815,2.63423215071106,0,"non-transmissible","Non-transmissible"
"75","CA147","H5N1","B3.13","d3","SPOT","30min","6764",0,4.04770801911205,0,1.39229974131934,5.92890709130942,4.53660734999008,0,"non-transmissible","Non-transmissible"
"76","CA147","H5N1","B3.13","d3","NIOSH","30min","6762",0.893544669085713,4.29555599401528,3.40201132492957,0.911273436046145,4.27724874833091,3.36597531228476,0,"non-transmissible","Non-transmissible"
"77","CA147","H5N1","B3.13","d3","NIOSH","30min","6763",0.717453410030032,3.76826636896175,3.05081295893172,2.23924505966916,5.56230698460636,3.3230619249372,0,"non-transmissible","Non-transmissible"
"78","CA147","H5N1","B3.13","d3","NIOSH","30min","6764",0.416423414366051,4.28176521207128,3.86534179770523,1.06963592814139,4.57493368789977,3.50529775975838,0,"non-transmissible","Non-transmissible"
"79","CA147","H5N1","B3.13","d3","NIOSH","30min","6762",0,4.17105856855135,0,0.911273436046145,4.27724874833091,3.36597531228476,0,"non-transmissible","Non-transmissible"
"80","CA147","H5N1","B3.13","d3","NIOSH","30min","6763",1.01848340569401,3.56770051070388,2.54921710500987,2.23924505966916,5.56230698460636,3.3230619249372,0,"non-transmissible","Non-transmissible"
"81","CA147","H5N1","B3.13","d3","NIOSH","30min","6764",0.893544669085713,4.68541560097094,3.79187093188522,1.06963592814139,4.57493368789977,3.50529775975838,0,"non-transmissible","Non-transmissible"
"82","CA147","H5N1","B3.13","d3","NW","","6762",5.84509804001426,9.08958949378878,3.24449145377452,6.55022835305509,9.28357226402456,2.73334391096947,0,"non-transmissible","Non-transmissible"
"83","CA147","H5N1","B3.13","d3","NW","","6763",6.77815125038364,9.73021101311599,2.95205976273234,8.01494034979294,9.75976634794925,1.74482599815631,0,"non-transmissible","Non-transmissible"
"84","CA147","H5N1","B3.13","d3","NW","","6764",6.69897000433602,9.37774540526623,2.67877540093021,7.22659990520736,9.76907756750982,2.54247766230246,0,"non-transmissible","Non-transmissible"
"85","CA147","H5N1","B3.13","d5","SPOT","30min","6763",0,0,0,-0.13917917572291,2.49505297498815,2.63423215071106,0,"non-transmissible","Non-transmissible"
"86","CA147","H5N1","B3.13","d5","NIOSH","30min","6763",1.62054339702198,4.59783894306776,2.97729554604578,2.23924505966916,5.56230698460636,3.3230619249372,0,"non-transmissible","Non-transmissible"
"87","CA147","H5N1","B3.13","d5","NIOSH","30min","6763",0.893544669085713,4.55053542120597,3.65699075212025,2.23924505966916,5.56230698460636,3.3230619249372,0,"non-transmissible","Non-transmissible"
"88","CA147","H5N1","B3.13","d5","NW","","6763",6.57978359661681,9.26427684057911,2.6844932439623,8.01494034979294,9.75976634794925,1.74482599815631,0,"non-transmissible","Non-transmissible"
"89","BC","H5N1","D1.1","d1","SPOT","30min","6759",1.52982754319359,3.17821248307766,1.64838493988407,0.86082082427709,2.50920576416116,1.64838493988407,0,"non-transmissible","Non-transmissible"
"90","BC","H5N1","D1.1","d1","SPOT","30min","6760",1.13188753452155,0,0,0.462880815605052,2.84327758851046,2.38039677290541,0,"non-transmissible","Non-transmissible"
"91","BC","H5N1","D1.1","d1","SPOT","30min","6761",0,0,0,-0.13917917572291,0,0,0,"non-transmissible","Non-transmissible"
"92","BC","H5N1","D1.1","d1","NIOSH","30min","6759",0.416423414366051,3.02113410280514,2.60471068843909,-0.185636576961912,2.83530005600715,3.02093663296906,0,"non-transmissible","Non-transmissible"
"93","BC","H5N1","D1.1","d1","NIOSH","30min","6759",0,0,0,-0.185636576961912,2.83530005600715,3.02093663296906,0,"non-transmissible","Non-transmissible"
"94","BC","H5N1","D1.1","d1","NIOSH","30min","6760",0.592514673421732,2.88378866554348,2.29127399212175,1.04481234441636,3.534244079905,2.48943173548863,0,"non-transmissible","Non-transmissible"
"95","BC","H5N1","D1.1","d1","NIOSH","30min","6760",0.11539341870207,0,0,1.04481234441636,3.534244079905,2.48943173548863,0,"non-transmissible","Non-transmissible"
"96","BC","H5N1","D1.1","d1","NIOSH","30min","6761",0.416423414366051,2.51738307438366,2.10095966001761,0.212303431710126,2.92114102006338,2.70883758835325,0,"non-transmissible","Non-transmissible"
"97","BC","H5N1","D1.1","d1","NIOSH","30min","6761",0,0,0,0.212303431710126,2.92114102006338,2.70883758835325,0,"non-transmissible","Non-transmissible"
"98","BC","H5N1","D1.1","d1","NW","","6759",5.69897000433602,7.50185310017497,1.80288309583895,6.64836001098093,8.93920024573225,2.29084023475132,0,"non-transmissible","Non-transmissible"
"99","BC","H5N1","D1.1","d1","NW","","6760",6.34242268082221,7.80139727298249,1.45897459216029,6.9912260756925,9.05959421249683,2.06836813680433,0,"non-transmissible","Non-transmissible"
"100","BC","H5N1","D1.1","d1","NW","","6761",5.38021124171161,6.8476687692363,1.4674575275247,6.60959440922522,8.63511632413731,2.02552191491209,0,"non-transmissible","Non-transmissible"
"101","BC","H5N1","D1.1","d2","SPOT","30min","6759",0,0,0,0.86082082427709,2.50920576416116,1.64838493988407,0,"non-transmissible","Non-transmissible"
"102","BC","H5N1","D1.1","d2","SPOT","30min","6760",0,0,0,0.462880815605052,2.84327758851046,2.38039677290541,0,"non-transmissible","Non-transmissible"
"103","BC","H5N1","D1.1","d2","SPOT","30min","6761",0,0,0,-0.13917917572291,0,0,0,"non-transmissible","Non-transmissible"
"104","BC","H5N1","D1.1","d2","NIOSH","30min","6759",0,2.92625772856475,0,-0.185636576961912,2.83530005600715,3.02093663296906,0,"non-transmissible","Non-transmissible"
"105","BC","H5N1","D1.1","d2","NIOSH","30min","6759",0,0,0,-0.185636576961912,2.83530005600715,3.02093663296906,0,"non-transmissible","Non-transmissible"
"106","BC","H5N1","D1.1","d2","NIOSH","30min","6760",0.893544669085713,2.92470191353731,2.03115724445159,1.04481234441636,3.534244079905,2.48943173548863,0,"non-transmissible","Non-transmissible"
"107","BC","H5N1","D1.1","d2","NIOSH","30min","6760",0,3.23858947921922,0,1.04481234441636,3.534244079905,2.48943173548863,0,"non-transmissible","Non-transmissible"
"108","BC","H5N1","D1.1","d2","NIOSH","30min","6761",0,0,0,0.212303431710126,2.92114102006338,2.70883758835325,0,"non-transmissible","Non-transmissible"
"109","BC","H5N1","D1.1","d2","NIOSH","30min","6761",0,0,0,0.212303431710126,2.92114102006338,2.70883758835325,0,"non-transmissible","Non-transmissible"
"110","BC","H5N1","D1.1","d2","NW","","6759",6.56820172406699,8.79912058767791,2.23091886361092,6.64836001098093,8.93920024573225,2.29084023475132,0,"non-transmissible","Non-transmissible"
"111","BC","H5N1","D1.1","d2","NW","","6760",6.56820172406699,8.78710246935313,2.21890074528613,6.9912260756925,9.05959421249683,2.06836813680433,0,"non-transmissible","Non-transmissible"
"112","BC","H5N1","D1.1","d2","NW","","6761",6.44715803134222,8.39804017652566,1.95088214518344,6.60959440922522,8.63511632413731,2.02552191491209,0,"non-transmissible","Non-transmissible"
"113","BC","H5N1","D1.1","d3","SPOT","30min","6759",0,0,0,0.86082082427709,2.50920576416116,1.64838493988407,0,"non-transmissible","Non-transmissible"
"114","BC","H5N1","D1.1","d3","SPOT","30min","6760",0,3.51228430742696,0,0.462880815605052,2.84327758851046,2.38039677290541,0,"non-transmissible","Non-transmissible"
"115","BC","H5N1","D1.1","d3","SPOT","30min","6761",0.529827543193592,0,0,-0.13917917572291,0,0,0,"non-transmissible","Non-transmissible"
"116","BC","H5N1","D1.1","d3","NIOSH","30min","6759",0,0,0,-0.185636576961912,2.83530005600715,3.02093663296906,0,"non-transmissible","Non-transmissible"
"117","BC","H5N1","D1.1","d3","NIOSH","30min","6759",0,0,0,-0.185636576961912,2.83530005600715,3.02093663296906,0,"non-transmissible","Non-transmissible"
"118","BC","H5N1","D1.1","d3","NIOSH","30min","6760",1.01848340569401,3.76027495492517,2.74179154923116,1.04481234441636,3.534244079905,2.48943173548863,0,"non-transmissible","Non-transmissible"
"119","BC","H5N1","D1.1","d3","NIOSH","30min","6760",1.11539341870207,3.30484206843187,2.1894486497298,1.04481234441636,3.534244079905,2.48943173548863,0,"non-transmissible","Non-transmissible"
"120","BC","H5N1","D1.1","d3","NIOSH","30min","6761",0.592514673421732,3.47808517337166,2.88557049994993,0.212303431710126,2.92114102006338,2.70883758835325,0,"non-transmissible","Non-transmissible"
"121","BC","H5N1","D1.1","d3","NIOSH","30min","6761",0,0,0,0.212303431710126,2.92114102006338,2.70883758835325,0,"non-transmissible","Non-transmissible"
"122","BC","H5N1","D1.1","d3","NW","","6759",6,8.6508923833763,2.6508923833763,6.64836001098093,8.93920024573225,2.29084023475132,0,"non-transmissible","Non-transmissible"
"123","BC","H5N1","D1.1","d3","NW","","6760",7,9.0025435075396,2.0025435075396,6.9912260756925,9.05959421249683,2.06836813680433,0,"non-transmissible","Non-transmissible"
"124","BC","H5N1","D1.1","d3","NW","","6761",6.36172783601759,8.55158715991904,2.18985932390145,6.60959440922522,8.63511632413731,2.02552191491209,0,"non-transmissible","Non-transmissible"
"125","BC","H5N1","D1.1","d5","SPOT","30min","6760",0,3.68915721330498,0,0.462880815605052,2.84327758851046,2.38039677290541,0,"non-transmissible","Non-transmissible"
"126","BC","H5N1","D1.1","d5","SPOT","30min","6761",0,0,0,-0.13917917572291,0,0,0,"non-transmissible","Non-transmissible"
"127","BC","H5N1","D1.1","d5","NIOSH","30min","6760",0.903089986991944,3.7735687554127,2.87047876842075,1.04481234441636,3.534244079905,2.48943173548863,0,"non-transmissible","Non-transmissible"
"128","BC","H5N1","D1.1","d5","NIOSH","30min","6760",0.1249387366083,3.6394064093879,3.5144676727796,1.04481234441636,3.534244079905,2.48943173548863,0,"non-transmissible","Non-transmissible"
"129","BC","H5N1","D1.1","d5","NIOSH","30min","6761",0,2.79000397773795,0,0.212303431710126,2.92114102006338,2.70883758835325,0,"non-transmissible","Non-transmissible"
"130","BC","H5N1","D1.1","d5","NIOSH","30min","6761",0,0,0,0.212303431710126,2.92114102006338,2.70883758835325,0,"non-transmissible","Non-transmissible"
"131","BC","H5N1","D1.1","d5","NW","","6760",6,8.30901188251172,2.30901188251171,6.9912260756925,9.05959421249683,2.06836813680433,0,"non-transmissible","Non-transmissible"
"132","BC","H5N1","D1.1","d5","NW","","6761",6.43136376415899,8.68604708025323,2.25468331609424,6.60959440922522,8.63511632413731,2.02552191491209,0,"non-transmissible","Non-transmissible"
"133","VN1203","H5N1","1","d1","SPOT","30min","6755",0,3.74504456993623,0,0,3.26064595759284,0,0,"non-transmissible","Non-transmissible"
"134","VN1203","H5N1","1","d1","SPOT","30min","6757",0.529827543193592,2.92082404551224,2.39099650231865,-0.13917917572291,2.92003150501017,3.05921068073308,0,"non-transmissible","Non-transmissible"
"135","VN1203","H5N1","1","d1","SPOT","30min","6759",0.529827543193592,3.5733973104067,3.04356976721311,-0.13917917572291,3.10322518905436,3.24240436477727,0,"non-transmissible","Non-transmissible"
"136","VN1203","H5N1","1","d1","NIOSH","30min","6755",0,3.68661420991018,0,0,3.53812860706987,0,0,"non-transmissible","Non-transmissible"
"137","VN1203","H5N1","1","d1","NIOSH","30min","6755",0,2.97573865000413,0,0,3.53812860706987,0,0,"non-transmissible","Non-transmissible"
"138","VN1203","H5N1","1","d1","NIOSH","30min","6757",0.960491458716326,3.55564830940927,2.59515685069294,0.416423414366051,3.78060420684544,3.36418079247939,0,"non-transmissible","Non-transmissible"
"139","VN1203","H5N1","1","d1","NIOSH","30min","6757",0.11539341870207,3.14377481412951,3.02838139542744,0.416423414366051,3.78060420684544,3.36418079247939,0,"non-transmissible","Non-transmissible"
"140","VN1203","H5N1","1","d1","NIOSH","30min","6759",0.416423414366051,3.89642250161113,3.47999908724508,0.212303431710126,3.6108664887441,3.39856305703397,0,"non-transmissible","Non-transmissible"
"141","VN1203","H5N1","1","d1","NIOSH","30min","6759",0.592514673421732,3.15412693582384,2.56161226240211,0.212303431710126,3.6108664887441,3.39856305703397,0,"non-transmissible","Non-transmissible"
"142","VN1203","H5N1","1","d1","NW","","6755",4.95424250943933,7.1474647223546,2.19322221291528,5.29003461136252,8.51591249098829,3.22587787962578,0,"non-transmissible","Non-transmissible"
"143","VN1203","H5N1","1","d1","NW","","6757",5.63346845557959,7.91399813877555,2.28052968319596,5.66745295288995,8.75332666346514,3.08587371057519,0,"non-transmissible","Non-transmissible"
"144","VN1203","H5N1","1","d1","NW","","6759",4.90308998699194,7.55303846194214,2.6499484749502,5.43933269383026,8.77239065753222,3.33305796370196,0,"non-transmissible","Non-transmissible"
"145","VN1203","H5N1","1","d2","SPOT","30min","6755",0,2.98864217608996,0,0,3.26064595759284,0,0,"non-transmissible","Non-transmissible"
"146","VN1203","H5N1","1","d2","SPOT","30min","6757",0,3.0563331715673,0,-0.13917917572291,2.92003150501017,3.05921068073308,0,"non-transmissible","Non-transmissible"
"147","VN1203","H5N1","1","d2","SPOT","30min","6759",0,2.83108529689733,0,-0.13917917572291,3.10322518905436,3.24240436477727,0,"non-transmissible","Non-transmissible"
"148","VN1203","H5N1","1","d2","NIOSH","30min","6755",0,3.23605395594378,0,0,3.53812860706987,0,0,"non-transmissible","Non-transmissible"
"149","VN1203","H5N1","1","d2","NIOSH","30min","6755",0,2.92215565325096,0,0,3.53812860706987,0,0,"non-transmissible","Non-transmissible"
"150","VN1203","H5N1","1","d2","NIOSH","30min","6757",0,3.71099354643335,0,0.416423414366051,3.78060420684544,3.36418079247939,0,"non-transmissible","Non-transmissible"
"151","VN1203","H5N1","1","d2","NIOSH","30min","6757",0,3.32944321434917,0,0.416423414366051,3.78060420684544,3.36418079247939,0,"non-transmissible","Non-transmissible"
"152","VN1203","H5N1","1","d2","NIOSH","30min","6759",0,3.25686474553396,0,0.212303431710126,3.6108664887441,3.39856305703397,0,"non-transmissible","Non-transmissible"
"153","VN1203","H5N1","1","d2","NIOSH","30min","6759",0,3.04905368369858,0,0.212303431710126,3.6108664887441,3.39856305703397,0,"non-transmissible","Non-transmissible"
"154","VN1203","H5N1","1","d2","NW","","6755",5,8.32272074533867,3.32272074533867,5.29003461136252,8.51591249098829,3.22587787962578,0,"non-transmissible","Non-transmissible"
"155","VN1203","H5N1","1","d2","NW","","6757",5.20411998265593,8.56479486374733,3.3606748810914,5.66745295288995,8.75332666346514,3.08587371057519,0,"non-transmissible","Non-transmissible"
"156","VN1203","H5N1","1","d2","NW","","6759",5.20411998265593,8.58530264756375,3.38118266490782,5.43933269383026,8.77239065753222,3.33305796370196,0,"non-transmissible","Non-transmissible"
"157","VN1203","H5N1","1","d3","SPOT","30min","6755",0,2.99851642955693,0,0,3.26064595759284,0,0,"non-transmissible","Non-transmissible"
"158","VN1203","H5N1","1","d3","SPOT","30min","6757",0,2.88733654835779,0,-0.13917917572291,2.92003150501017,3.05921068073308,0,"non-transmissible","Non-transmissible"
"159","VN1203","H5N1","1","d3","SPOT","30min","6759",0,2.9131231263714,0,-0.13917917572291,3.10322518905436,3.24240436477727,0,"non-transmissible","Non-transmissible"
"160","VN1203","H5N1","1","d3","NIOSH","30min","6755",0,2.91444766304332,0,0,3.53812860706987,0,0,"non-transmissible","Non-transmissible"
"161","VN1203","H5N1","1","d3","NIOSH","30min","6755",0,3.31539293468809,0,0,3.53812860706987,0,0,"non-transmissible","Non-transmissible"
"162","VN1203","H5N1","1","d3","NIOSH","30min","6757",0,3.41783621117007,0,0.416423414366051,3.78060420684544,3.36418079247939,0,"non-transmissible","Non-transmissible"
"163","VN1203","H5N1","1","d3","NIOSH","30min","6757",0,3.29678826921936,0,0.416423414366051,3.78060420684544,3.36418079247939,0,"non-transmissible","Non-transmissible"
"164","VN1203","H5N1","1","d3","NIOSH","30min","6759",0,3.06864484352151,0,0.212303431710126,3.6108664887441,3.39856305703397,0,"non-transmissible","Non-transmissible"
"165","VN1203","H5N1","1","d3","NIOSH","30min","6759",0,0,0,0.212303431710126,3.6108664887441,3.39856305703397,0,"non-transmissible","Non-transmissible"
"166","VN1203","H5N1","1","d3","NW","","6755",5,8.34543254216047,3.34543254216047,5.29003461136252,8.51591249098829,3.22587787962578,0,"non-transmissible","Non-transmissible"
"167","VN1203","H5N1","1","d3","NW","","6757",5.25527250510331,8.50116637940284,3.24589387429953,5.66745295288995,8.75332666346514,3.08587371057519,0,"non-transmissible","Non-transmissible"
"168","VN1203","H5N1","1","d3","NW","","6759",5.17609125905568,8.57833861952049,3.40224736046481,5.43933269383026,8.77239065753222,3.33305796370196,0,"non-transmissible","Non-transmissible"
"169","VN1203","H5N1","1","d5","SPOT","30min","6755",0,0,0,0,3.26064595759284,0,0,"non-transmissible","Non-transmissible"
"170","VN1203","H5N1","1","d5","SPOT","30min","6757",0,0,0,-0.13917917572291,2.92003150501017,3.05921068073308,0,"non-transmissible","Non-transmissible"
"171","VN1203","H5N1","1","d5","SPOT","30min","6759",0,0,0,-0.13917917572291,3.10322518905436,3.24240436477727,0,"non-transmissible","Non-transmissible"
"172","VN1203","H5N1","1","d5","NIOSH","30min","6755",1.11539341870207,3.88361160308555,2.76821818438348,0,3.53812860706987,0,0,"non-transmissible","Non-transmissible"
"173","VN1203","H5N1","1","d5","NIOSH","30min","6755",1.45781609952428,3.56641798249362,2.10860188296935,0,3.53812860706987,0,0,"non-transmissible","Non-transmissible"
"174","VN1203","H5N1","1","d5","NIOSH","30min","6757",1.49560466041368,4.06471893430266,2.56911427388898,0.416423414366051,3.78060420684544,3.36418079247939,0,"non-transmissible","Non-transmissible"
"175","VN1203","H5N1","1","d5","NIOSH","30min","6757",1.45781609952428,3.62430102726193,2.16648492773765,0.416423414366051,3.78060420684544,3.36418079247939,0,"non-transmissible","Non-transmissible"
"176","VN1203","H5N1","1","d5","NIOSH","30min","6759",1.19457466474969,3.40359843977593,2.20902377502624,0.212303431710126,3.6108664887441,3.39856305703397,0,"non-transmissible","Non-transmissible"
"177","VN1203","H5N1","1","d5","NIOSH","30min","6759",0.814363423038088,3.37827448584397,2.56391106280588,0.212303431710126,3.6108664887441,3.39856305703397,0,"non-transmissible","Non-transmissible"
"178","VN1203","H5N1","1","d5","NW","","6755",5.69897000433602,8.90724386314723,3.20827385881122,5.29003461136252,8.51591249098829,3.22587787962578,0,"non-transmissible","Non-transmissible"
"179","VN1203","H5N1","1","d5","NW","","6757",5.81291335664286,8.46097525929963,2.64806190265677,5.66745295288995,8.75332666346514,3.08587371057519,0,"non-transmissible","Non-transmissible"
"180","VN1203","H5N1","1","d5","NW","","6759",5.20411998265593,8.57406775970135,3.36994777704542,5.43933269383026,8.77239065753222,3.33305796370196,0,"non-transmissible","Non-transmissible"
"181","MI90","H5N1","B3.13","d1","SPOT","30min","6742",0,0,0,0.974764176583927,3.78577420787837,2.81101003129445,0.5,"transmissible","Low-transmissible"
"182","MI90","H5N1","B3.13","d1","SPOT","30min","6763",0.529827543193592,3.07395186950142,2.54412432630783,0.161850819941071,2.57098555583503,2.40913473589396,0.5,"transmissible","Low-transmissible"
"183","MI90","H5N1","B3.13","d1","SPOT","30min","6764",0,0,0,-0.13917917572291,2.30808282904629,2.4472620047692,0.5,"transmissible","Low-transmissible"
"184","MI90","H5N1","B3.13","d1","NIOSH","30min","6742",2.30572511687236,5.00938562758566,2.7036605107133,2.04608780636661,4.82559619935906,2.77950839299245,0.5,"transmissible","Low-transmissible"
"185","MI90","H5N1","B3.13","d1","NIOSH","30min","6742",0.592514673421732,0,0,2.04608780636661,4.82559619935906,2.77950839299245,0.5,"transmissible","Low-transmissible"
"186","MI90","H5N1","B3.13","d1","NIOSH","30min","6763",1.26152145438031,3.40646136197201,2.1449399075917,1.84778717852504,4.41098843985774,2.5632012613327,0.5,"transmissible","Low-transmissible"
"187","MI90","H5N1","B3.13","d1","NIOSH","30min","6763",0,2.45084149418617,0,1.84778717852504,4.41098843985774,2.5632012613327,0.5,"transmissible","Low-transmissible"
"188","MI90","H5N1","B3.13","d1","NIOSH","30min","6764",1.51333342737411,3.57083926463817,2.05750583726407,1.85968640182475,4.35615717153647,2.49647076971172,0.5,"transmissible","Low-transmissible"
"189","MI90","H5N1","B3.13","d1","NIOSH","30min","6764",0.11539341870207,2.70508427497279,2.58969085627072,1.85968640182475,4.35615717153647,2.49647076971172,0.5,"transmissible","Low-transmissible"
"190","MI90","H5N1","B3.13","d1","NW","","6742",4.77815125038364,6.82369251813504,2.0455412677514,6.4814426285023,8.79885570573906,2.31741307723676,0.5,"transmissible","Low-transmissible"
"191","MI90","H5N1","B3.13","d1","NW","","6763",4.30102999566398,5.84166370164543,1.54063370598145,6.13353890837022,8.74723266312074,2.61369375475052,0.5,"transmissible","Low-transmissible"
"192","MI90","H5N1","B3.13","d1","NW","","6764",4.69897000433602,5.98615213344942,1.2871821291134,5.53147891704226,8.28531788832604,2.75383897128378,0.5,"transmissible","Low-transmissible"
"193","MI90","H5N1","B3.13","d2","SPOT","30min","6742",1.22879754752961,3.49168290358808,2.26288535605847,0.974764176583927,3.78577420787837,2.81101003129445,0.5,"transmissible","Low-transmissible"
"194","MI90","H5N1","B3.13","d2","SPOT","30min","6763",0,0,0,0.161850819941071,2.57098555583503,2.40913473589396,0.5,"transmissible","Low-transmissible"
"195","MI90","H5N1","B3.13","d2","SPOT","30min","6764",0,0,0,-0.13917917572291,2.30808282904629,2.4472620047692,0.5,"transmissible","Low-transmissible"
"196","MI90","H5N1","B3.13","d2","NIOSH","30min","6742",1.53036676667289,4.61600422544377,3.08563745877089,2.04608780636661,4.82559619935906,2.77950839299245,0.5,"transmissible","Low-transmissible"
"197","MI90","H5N1","B3.13","d2","NIOSH","30min","6742",0.717453410030032,3.77698256020252,3.05952915017248,2.04608780636661,4.82559619935906,2.77950839299245,0.5,"transmissible","Low-transmissible"
"198","MI90","H5N1","B3.13","d2","NIOSH","30min","6763",2.083876367256,4.60499446400487,2.52111809674887,1.84778717852504,4.41098843985774,2.5632012613327,0.5,"transmissible","Low-transmissible"
"199","MI90","H5N1","B3.13","d2","NIOSH","30min","6763",0.11539341870207,3.72765883592686,3.61226541722479,1.84778717852504,4.41098843985774,2.5632012613327,0.5,"transmissible","Low-transmissible"
"200","MI90","H5N1","B3.13","d2","NIOSH","30min","6764",1.87126827437456,4.40096188256381,2.52969360818924,1.85968640182475,4.35615717153647,2.49647076971172,0.5,"transmissible","Low-transmissible"
"201","MI90","H5N1","B3.13","d2","NIOSH","30min","6764",1.19457466474969,3.54977303797323,2.35519837322354,1.85968640182475,4.35615717153647,2.49647076971172,0.5,"transmissible","Low-transmissible"
"202","MI90","H5N1","B3.13","d2","NW","","6742",5.69897000433602,8.4165270466792,2.71755704234318,6.4814426285023,8.79885570573906,2.31741307723676,0.5,"transmissible","Low-transmissible"
"203","MI90","H5N1","B3.13","d2","NW","","6763",6,8.35175158222915,2.35175158222915,6.13353890837022,8.74723266312074,2.61369375475052,0.5,"transmissible","Low-transmissible"
"204","MI90","H5N1","B3.13","d2","NW","","6764",5,8.06969179951248,3.06969179951248,5.53147891704226,8.28531788832604,2.75383897128378,0.5,"transmissible","Low-transmissible"
"205","MI90","H5N1","B3.13","d3","SPOT","30min","6742",1.00694879791325,4.40472275437325,3.39777395646,0.974764176583927,3.78577420787837,2.81101003129445,0.5,"transmissible","Low-transmissible"
"206","MI90","H5N1","B3.13","d3","SPOT","30min","6763",0.529827543193592,2.74204336968903,2.21221582649543,0.161850819941071,2.57098555583503,2.40913473589396,0.5,"transmissible","Low-transmissible"
"207","MI90","H5N1","B3.13","d3","SPOT","30min","6764",0.529827543193592,2.9770895479628,2.4472620047692,-0.13917917572291,2.30808282904629,2.4472620047692,0.5,"transmissible","Low-transmissible"
"208","MI90","H5N1","B3.13","d3","NIOSH","30min","6742",2.13242675800085,3.88018504186016,1.74775828385931,2.04608780636661,4.82559619935906,2.77950839299245,0.5,"transmissible","Low-transmissible"
"209","MI90","H5N1","B3.13","d3","NIOSH","30min","6742",1.3941470196549,4.80176796689568,3.40762094724078,2.04608780636661,4.82559619935906,2.77950839299245,0.5,"transmissible","Low-transmissible"
"210","MI90","H5N1","B3.13","d3","NIOSH","30min","6763",1.22933677100891,3.92704057088482,2.69770379987592,1.84778717852504,4.41098843985774,2.5632012613327,0.5,"transmissible","Low-transmissible"
"211","MI90","H5N1","B3.13","d3","NIOSH","30min","6763",0.11539341870207,2.73185531391887,2.6164618952168,1.84778717852504,4.41098843985774,2.5632012613327,0.5,"transmissible","Low-transmissible"
"212","MI90","H5N1","B3.13","d3","NIOSH","30min","6764",1.79663465607766,4.38855080826827,2.59191615219061,1.85968640182475,4.35615717153647,2.49647076971172,0.5,"transmissible","Low-transmissible"
"213","MI90","H5N1","B3.13","d3","NIOSH","30min","6764",1.11539341870207,3.67125026399737,2.5558568452953,1.85968640182475,4.35615717153647,2.49647076971172,0.5,"transmissible","Low-transmissible"
"214","MI90","H5N1","B3.13","d3","NW","","6742",6.69897000433602,8.8633627993265,2.16439279499048,6.4814426285023,8.79885570573906,2.31741307723676,0.5,"transmissible","Low-transmissible"
"215","MI90","H5N1","B3.13","d3","NW","","6763",5.84509804001426,8.82431509600477,2.97921705599051,6.13353890837022,8.74723266312074,2.61369375475052,0.5,"transmissible","Low-transmissible"
"216","MI90","H5N1","B3.13","d3","NW","","6764",5.63346845557959,8.17610813791878,2.54263968233919,5.53147891704226,8.28531788832604,2.75383897128378,0.5,"transmissible","Low-transmissible"
"217","MI90","H5N1","B3.13","d5","SPOT","30min","6742",1.00694879791325,3.72761130832841,2.72066251041516,0.974764176583927,3.78577420787837,2.81101003129445,0.5,"transmissible","Low-transmissible"
"218","MI90","H5N1","B3.13","d5","SPOT","30min","6763",0.529827543193592,3.59943691785707,3.06960937466347,0.161850819941071,2.57098555583503,2.40913473589396,0.5,"transmissible","Low-transmissible"
"219","MI90","H5N1","B3.13","d5","SPOT","30min","6764",0,3.01311408209679,0,-0.13917917572291,2.30808282904629,2.4472620047692,0.5,"transmissible","Low-transmissible"
"220","MI90","H5N1","B3.13","d5","NIOSH","30min","6742",1.19457466474969,3.69334505294071,2.49877038819101,2.04608780636661,4.82559619935906,2.77950839299245,0.5,"transmissible","Low-transmissible"
"221","MI90","H5N1","B3.13","d5","NIOSH","30min","6742",0,3.41067868726006,0,2.04608780636661,4.82559619935906,2.77950839299245,0.5,"transmissible","Low-transmissible"
"222","MI90","H5N1","B3.13","d5","NIOSH","30min","6763",0.11539341870207,3.51305032929981,3.39765691059774,1.84778717852504,4.41098843985774,2.5632012613327,0.5,"transmissible","Low-transmissible"
"223","MI90","H5N1","B3.13","d5","NIOSH","30min","6763",0.717453410030032,3.58496427272191,2.86751086269188,1.84778717852504,4.41098843985774,2.5632012613327,0.5,"transmissible","Low-transmissible"
"224","MI90","H5N1","B3.13","d5","NIOSH","30min","6764",0.592514673421732,3.97770838836894,3.38519371494721,1.85968640182475,4.35615717153647,2.49647076971172,0.5,"transmissible","Low-transmissible"
"225","MI90","H5N1","B3.13","d5","NIOSH","30min","6764",0.717453410030032,3.51490414749914,2.79745073746911,1.85968640182475,4.35615717153647,2.49647076971172,0.5,"transmissible","Low-transmissible"
"226","MI90","H5N1","B3.13","d5","NW","","6742",5.84509804001426,8.48507918118229,2.63998114116804,6.4814426285023,8.79885570573906,2.31741307723676,0.5,"transmissible","Low-transmissible"
"227","MI90","H5N1","B3.13","d5","NW","","6763",5.04139268515823,8.05122179478542,3.0098291096272,6.13353890837022,8.74723266312074,2.61369375475052,0.5,"transmissible","Low-transmissible"
"228","MI90","H5N1","B3.13","d5","NW","","6764",4.90308998699194,7.79026995186478,2.88717996487283,5.53147891704226,8.28531788832604,2.75383897128378,0.5,"transmissible","Low-transmissible"
"229","AL39","H9N2","H9","d1","SPOT","30min","6856",1.37492558320785,3.28936945898836,1.91444387578051,1.35218251811136,5.04583132566089,3.69364880754953,0.833333333333333,"transmissible","High-transmissible"
"230","AL39","H9N2","H9","d1","SPOT","30min","6857",1.22879754752961,3.29455223077302,2.06575468324341,1.55979082861311,5.00954786215233,3.44975703353922,0.833333333333333,"transmissible","High-transmissible"
"231","AL39","H9N2","H9","d1","SPOT","30min","6858",0,0,0,1.50427350076328,4.33457911299273,2.83030561222945,0.833333333333333,"transmissible","High-transmissible"
"232","AL39","H9N2","H9","d1","NIOSH","30min","6856",1.84778717852504,4.23930874850641,2.39152156998137,1.84577188728971,5.79537825305659,3.94960636576687,0.833333333333333,"transmissible","High-transmissible"
"233","AL39","H9N2","H9","d1","NIOSH","30min","6856",1.68359514276906,4.25723177774796,2.5736366349789,1.84577188728971,5.79537825305659,3.94960636576687,0.833333333333333,"transmissible","High-transmissible"
"234","AL39","H9N2","H9","d1","NIOSH","30min","6857",1.87882141226501,4.62806796622697,2.74924655396197,2.37187062494375,6.63863810934532,4.26676748440157,0.833333333333333,"transmissible","High-transmissible"
"235","AL39","H9N2","H9","d1","NIOSH","30min","6857",1.79663465607766,4.49365864474217,2.69702398866451,2.37187062494375,6.63863810934532,4.26676748440157,0.833333333333333,"transmissible","High-transmissible"
"236","AL39","H9N2","H9","d1","NIOSH","30min","6858",1.53036676667289,4.41695581402035,2.88658904734747,2.15579794761623,6.11562015724343,3.9598222096272,0.833333333333333,"transmissible","High-transmissible"
"237","AL39","H9N2","H9","d1","NIOSH","30min","6858",2.04481234441636,4.40580028671177,2.36098794229541,2.15579794761623,6.11562015724343,3.9598222096272,0.833333333333333,"transmissible","High-transmissible"
"238","AL39","H9N2","H9","d1","NW","","6856",7.17609125905568,8.46465118375422,1.28855992469854,8.03642926562667,10.544218769289,2.50778950366233,0.833333333333333,"transmissible","High-transmissible"
"239","AL39","H9N2","H9","d1","NW","","6857",7.34242268082221,8.89651094137899,1.55408826055678,7.57634135020579,10.047473553967,2.4711322037612,0.833333333333333,"transmissible","High-transmissible"
"240","AL39","H9N2","H9","d1","NW","","6858",7.47712125471966,9.02919057387431,1.55206931915465,7.93049056530627,10.6369088931844,2.70641832787812,0.833333333333333,"transmissible","High-transmissible"
"241","AL39","H9N2","H9","d2","SPOT","30min","6856",1.57122022835182,5.39389544308476,3.82267521473294,1.35218251811136,5.04583132566089,3.69364880754953,0.833333333333333,"transmissible","High-transmissible"
"242","AL39","H9N2","H9","d2","SPOT","30min","6857",1.8722502240158,5.33475316156332,3.46250293754752,1.55979082861311,5.00954786215233,3.44975703353922,0.833333333333333,"transmissible","High-transmissible"
"243","AL39","H9N2","H9","d2","SPOT","30min","6858",1.8722502240158,4.69721495693926,2.82496473292346,1.50427350076328,4.33457911299273,2.83030561222945,0.833333333333333,"transmissible","High-transmissible"
"244","AL39","H9N2","H9","d2","NIOSH","30min","6856",1.54675718286106,4.92707758984731,3.38032040698625,1.84577188728971,5.79537825305659,3.94960636576687,0.833333333333333,"transmissible","High-transmissible"
"245","AL39","H9N2","H9","d2","NIOSH","30min","6856",1.26152145438031,4.84220472057755,3.58068326619724,1.84577188728971,5.79537825305659,3.94960636576687,0.833333333333333,"transmissible","High-transmissible"
"246","AL39","H9N2","H9","d2","NIOSH","30min","6857",2.11102861329962,6.38037464818057,4.26934603488095,2.37187062494375,6.63863810934532,4.26676748440157,0.833333333333333,"transmissible","High-transmissible"
"247","AL39","H9N2","H9","d2","NIOSH","30min","6857",2.22260338834994,6.08298778407868,3.86038439572875,2.37187062494375,6.63863810934532,4.26676748440157,0.833333333333333,"transmissible","High-transmissible"
"248","AL39","H9N2","H9","d2","NIOSH","30min","6858",2.00188414387455,4.51776278442025,2.5158786405457,2.15579794761623,6.11562015724343,3.9598222096272,0.833333333333333,"transmissible","High-transmissible"
"249","AL39","H9N2","H9","d2","NIOSH","30min","6858",1.64687233574432,5.13519428022396,3.48832194447963,2.15579794761623,6.11562015724343,3.9598222096272,0.833333333333333,"transmissible","High-transmissible"
"250","AL39","H9N2","H9","d2","NW","","6856",8,10.525032561253,2.52503256125299,8.03642926562667,10.544218769289,2.50778950366233,0.833333333333333,"transmissible","High-transmissible"
"251","AL39","H9N2","H9","d2","NW","","6857",7.41497334797082,10.0054401536584,2.59046680568762,7.57634135020579,10.047473553967,2.4711322037612,0.833333333333333,"transmissible","High-transmissible"
"252","AL39","H9N2","H9","d2","NW","","6858",7.84509804001426,10.6246808928265,2.77958285281226,7.93049056530627,10.6369088931844,2.70641832787812,0.833333333333333,"transmissible","High-transmissible"
"253","AL39","H9N2","H9","d3","SPOT","30min","6856",0.830857538857573,4.32826648749456,3.49740894863699,1.35218251811136,5.04583132566089,3.69364880754953,0.833333333333333,"transmissible","High-transmissible"
"254","AL39","H9N2","H9","d3","SPOT","30min","6857",0.529827543193592,4.6311538937321,4.10132635053851,1.55979082861311,5.00954786215233,3.44975703353922,0.833333333333333,"transmissible","High-transmissible"
"255","AL39","H9N2","H9","d3","SPOT","30min","6858",0,3.09074658149689,0,1.50427350076328,4.33457911299273,2.83030561222945,0.833333333333333,"transmissible","High-transmissible"
"256","AL39","H9N2","H9","d3","NIOSH","30min","6856",1.06963592814139,5.21294428917475,4.14330836103336,1.84577188728971,5.79537825305659,3.94960636576687,0.833333333333333,"transmissible","High-transmissible"
"257","AL39","H9N2","H9","d3","NIOSH","30min","6856",1.63390735857996,6.29890564586283,4.66499828728287,1.84577188728971,5.79537825305659,3.94960636576687,0.833333333333333,"transmissible","High-transmissible"
"258","AL39","H9N2","H9","d3","NIOSH","30min","6857",2.16461144137225,6.77136911095984,4.60675766958759,2.37187062494375,6.63863810934532,4.26676748440157,0.833333333333333,"transmissible","High-transmissible"
"259","AL39","H9N2","H9","d3","NIOSH","30min","6857",1.81436342303809,6.62349409623674,4.80913067319865,2.37187062494375,6.63863810934532,4.26676748440157,0.833333333333333,"transmissible","High-transmissible"
"260","AL39","H9N2","H9","d3","NIOSH","30min","6858",1.64687233574432,6.27657555712609,4.62970322138177,2.15579794761623,6.11562015724343,3.9598222096272,0.833333333333333,"transmissible","High-transmissible"
"261","AL39","H9N2","H9","d3","NIOSH","30min","6858",1.97272591513334,6.46821740580239,4.49549149066905,2.15579794761623,6.11562015724343,3.9598222096272,0.833333333333333,"transmissible","High-transmissible"
"262","AL39","H9N2","H9","d3","NW","","6856",6.39794000867204,9.43690634004083,3.03896633136879,8.03642926562667,10.544218769289,2.50778950366233,0.833333333333333,"transmissible","High-transmissible"
"263","AL39","H9N2","H9","d3","NW","","6857",6.14612803567824,9.10384753183533,2.95771949615709,7.57634135020579,10.047473553967,2.4711322037612,0.833333333333333,"transmissible","High-transmissible"
"264","AL39","H9N2","H9","d3","NW","","6858",5.6232492903979,9.12616767695271,3.50291838655481,7.93049056530627,10.6369088931844,2.70641832787812,0.833333333333333,"transmissible","High-transmissible"
"265","AL39","H9N2","H9","d5","SPOT","30min","6856",0.830857538857573,3.07900210426928,2.24814456541171,1.35218251811136,5.04583132566089,3.69364880754953,0.833333333333333,"transmissible","High-transmissible"
"266","AL39","H9N2","H9","d5","SPOT","30min","6857",0,0,0,1.55979082861311,5.00954786215233,3.44975703353922,0.833333333333333,"transmissible","High-transmissible"
"267","AL39","H9N2","H9","d5","SPOT","30min","6858",0,3.80337306756764,0,1.50427350076328,4.33457911299273,2.83030561222945,0.833333333333333,"transmissible","High-transmissible"
"268","AL39","H9N2","H9","d5","NIOSH","30min","6856",0.592514673421732,4.99108630985845,4.39857163643671,1.84577188728971,5.79537825305659,3.94960636576687,0.833333333333333,"transmissible","High-transmissible"
"269","AL39","H9N2","H9","d5","NIOSH","30min","6856",1.29148467775775,4.97484087724993,3.68335619949218,1.84577188728971,5.79537825305659,3.94960636576687,0.833333333333333,"transmissible","High-transmissible"
"270","AL39","H9N2","H9","d5","NIOSH","30min","6857",1.51333342737411,5.3965469061637,3.8832134787896,2.37187062494375,6.63863810934532,4.26676748440157,0.833333333333333,"transmissible","High-transmissible"
"271","AL39","H9N2","H9","d5","NIOSH","30min","6857",1.06963592814139,4.94309949177791,3.87346356363652,2.37187062494375,6.63863810934532,4.26676748440157,0.833333333333333,"transmissible","High-transmissible"
"272","AL39","H9N2","H9","d5","NIOSH","30min","6858",1.15678610386029,4.45537523261504,3.29858912875474,2.15579794761623,6.11562015724343,3.9598222096272,0.833333333333333,"transmissible","High-transmissible"
"273","AL39","H9N2","H9","d5","NIOSH","30min","6858",1.31951340135799,4.8474350461188,3.52792164476081,2.15579794761623,6.11562015724343,3.9598222096272,0.833333333333333,"transmissible","High-transmissible"
"274","AL39","H9N2","H9","d5","NW","","6856",5.36172783601759,7.72740927064768,2.36568143463008,8.03642926562667,10.544218769289,2.50778950366233,0.833333333333333,"transmissible","High-transmissible"
"275","AL39","H9N2","H9","d5","NW","","6857",5.90308998699194,8.56977839821626,2.66668841122432,7.57634135020579,10.047473553967,2.4711322037612,0.833333333333333,"transmissible","High-transmissible"
"276","AL39","H9N2","H9","d5","NW","","6858",5.77815125038364,8.06263882319688,2.28448757281324,7.93049056530627,10.6369088931844,2.70641832787812,0.833333333333333,"transmissible","High-transmissible"
"277","Anhui1","H7N9","H7","d1","SPOT","30min","6091",1.52982754319359,3.94554415003347,2.41571660683988,1.13957442522992,4.6651812669564,3.52560684172648,0.333333333333333,"transmissible","Low-transmissible"
"278","Anhui1","H7N9","H7","d1","SPOT","30min","6093",0,2.86714391877246,0,0,3.5321807577562,0,0.333333333333333,"transmissible","Low-transmissible"
"279","Anhui1","H7N9","H7","d1","SPOT","30min","6095",0,3.15212632467427,0,0,3.2357206826128,0,0.333333333333333,"transmissible","Low-transmissible"
"280","Anhui1","H7N9","H7","d1","NIOSH","30min","6091",0,3.74716938840935,0,1.67768628315854,5.65809495730246,3.98040867414392,0.333333333333333,"transmissible","Low-transmissible"
"281","Anhui1","H7N9","H7","d1","NIOSH","30min","6091",1.78749127663779,4.70294681579215,2.91545553915437,1.67768628315854,5.65809495730246,3.98040867414392,0.333333333333333,"transmissible","Low-transmissible"
"282","Anhui1","H7N9","H7","d1","NIOSH","30min","6093",0,3.23625196483666,0,1.77815125038364,5.26332814131729,3.48517689093365,0.333333333333333,"transmissible","Low-transmissible"
"283","Anhui1","H7N9","H7","d1","NIOSH","30min","6093",0,3.19709125311086,0,1.77815125038364,5.26332814131729,3.48517689093365,0.333333333333333,"transmissible","Low-transmissible"
"284","Anhui1","H7N9","H7","d1","NIOSH","30min","6095",0.893544669085713,4.28238383213217,3.38883916304646,1.43241151975018,5.22361169048382,3.79120017073364,0.333333333333333,"transmissible","Low-transmissible"
"285","Anhui1","H7N9","H7","d1","NIOSH","30min","6095",0,2.89648435346675,0,1.43241151975018,5.22361169048382,3.79120017073364,0.333333333333333,"transmissible","Low-transmissible"
"286","Anhui1","H7N9","H7","d1","NW","","6091",7.04139268515823,8.12168876604311,1.08029608088488,6.8208579894397,8.91329629309492,2.09243830365522,0.333333333333333,"transmissible","Low-transmissible"
"287","Anhui1","H7N9","H7","d1","NW","","6093",6.14612803567824,7.87339512402746,1.72726708834922,6.40654018043396,8.95157364286036,2.54503346242641,0.333333333333333,"transmissible","Low-transmissible"
"288","Anhui1","H7N9","H7","d1","NW","","6095",6.17609125905568,7.97824297538639,1.80215171633071,6.61804809671209,9.38966165432561,2.77161355761352,0.333333333333333,"transmissible","Low-transmissible"
"289","Anhui1","H7N9","H7","d2","SPOT","30min","6091",0.529827543193592,4.06970129906393,3.53987375587034,1.13957442522992,4.6651812669564,3.52560684172648,0.333333333333333,"transmissible","Low-transmissible"
"290","Anhui1","H7N9","H7","d2","SPOT","30min","6093",0,2.82698463494486,0,0,3.5321807577562,0,0.333333333333333,"transmissible","Low-transmissible"
"291","Anhui1","H7N9","H7","d2","SPOT","30min","6095",0,3.410783539184,0,0,3.2357206826128,0,0.333333333333333,"transmissible","Low-transmissible"
"292","Anhui1","H7N9","H7","d2","NIOSH","30min","6091",1.56255145004429,5.49283749937521,3.93028604933092,1.67768628315854,5.65809495730246,3.98040867414392,0.333333333333333,"transmissible","Low-transmissible"
"293","Anhui1","H7N9","H7","d2","NIOSH","30min","6091",0.717453410030032,5.09184572902743,4.3743923189974,1.67768628315854,5.65809495730246,3.98040867414392,0.333333333333333,"transmissible","Low-transmissible"
"294","Anhui1","H7N9","H7","d2","NIOSH","30min","6093",1.49560466041368,4.56153374671146,3.06592908629779,1.77815125038364,5.26332814131729,3.48517689093365,0.333333333333333,"transmissible","Low-transmissible"
"295","Anhui1","H7N9","H7","d2","NIOSH","30min","6093",1.68359514276906,4.85606869805104,3.17247355528198,1.77815125038364,5.26332814131729,3.48517689093365,0.333333333333333,"transmissible","Low-transmissible"
"296","Anhui1","H7N9","H7","d2","NIOSH","30min","6095",1.54675718286106,5.21418135745706,3.66742417459601,1.43241151975018,5.22361169048382,3.79120017073364,0.333333333333333,"transmissible","Low-transmissible"
"297","Anhui1","H7N9","H7","d2","NIOSH","30min","6095",0.592514673421732,4.27901273805949,3.68649806463776,1.43241151975018,5.22361169048382,3.79120017073364,0.333333333333333,"transmissible","Low-transmissible"
"298","Anhui1","H7N9","H7","d2","NW","","6091",6,8.83396066303457,2.83396066303457,6.8208579894397,8.91329629309492,2.09243830365522,0.333333333333333,"transmissible","Low-transmissible"
"299","Anhui1","H7N9","H7","d2","NW","","6093",6.20411998265593,8.81389318461362,2.60977320195769,6.40654018043396,8.95157364286036,2.54503346242641,0.333333333333333,"transmissible","Low-transmissible"
"300","Anhui1","H7N9","H7","d2","NW","","6095",6.46239799789896,9.06739450467357,2.60499650677461,6.61804809671209,9.38966165432561,2.77161355761352,0.333333333333333,"transmissible","Low-transmissible"
"301","Anhui1","H7N9","H7","d3","SPOT","30min","6091",1.37492558320785,5.26378876653899,3.88886318333114,1.13957442522992,4.6651812669564,3.52560684172648,0.333333333333333,"transmissible","Low-transmissible"
"302","Anhui1","H7N9","H7","d3","SPOT","30min","6093",0,4.14029005916076,0,0,3.5321807577562,0,0.333333333333333,"transmissible","Low-transmissible"
"303","Anhui1","H7N9","H7","d3","SPOT","30min","6095",0,3.16455332795181,0,0,3.2357206826128,0,0.333333333333333,"transmissible","Low-transmissible"
"304","Anhui1","H7N9","H7","d3","NIOSH","30min","6091",1.57779141660103,5.81880082702413,4.24100941042311,1.67768628315854,5.65809495730246,3.98040867414392,0.333333333333333,"transmissible","Low-transmissible"
"305","Anhui1","H7N9","H7","d3","NIOSH","30min","6091",0.893544669085713,5.37331589137093,4.47977122228522,1.67768628315854,5.65809495730246,3.98040867414392,0.333333333333333,"transmissible","Low-transmissible"
"306","Anhui1","H7N9","H7","d3","NIOSH","30min","6093",1.37066592380538,5.09793681247266,3.72727088866729,1.77815125038364,5.26332814131729,3.48517689093365,0.333333333333333,"transmissible","Low-transmissible"
"307","Anhui1","H7N9","H7","d3","NIOSH","30min","6093",1.75884609518826,5.58931568148109,3.83046958629283,1.77815125038364,5.26332814131729,3.48517689093365,0.333333333333333,"transmissible","Low-transmissible"
"308","Anhui1","H7N9","H7","d3","NIOSH","30min","6095",1.34584234008034,4.58628007344975,3.2404377333694,1.43241151975018,5.22361169048382,3.79120017073364,0.333333333333333,"transmissible","Low-transmissible"
"309","Anhui1","H7N9","H7","d3","NIOSH","30min","6095",0,5.38976048597899,0,1.43241151975018,5.22361169048382,3.79120017073364,0.333333333333333,"transmissible","Low-transmissible"
"310","Anhui1","H7N9","H7","d3","NW","","6091",5.38021124171161,8.14969217677274,2.76948093506114,6.8208579894397,8.91329629309492,2.09243830365522,0.333333333333333,"transmissible","Low-transmissible"
"311","Anhui1","H7N9","H7","d3","NW","","6093",5.69897000433602,8.61418329414271,2.91521328980669,6.40654018043396,8.95157364286036,2.54503346242641,0.333333333333333,"transmissible","Low-transmissible"
"312","Anhui1","H7N9","H7","d3","NW","","6095",6,9.39352972765575,3.39352972765575,6.61804809671209,9.38966165432561,2.77161355761352,0.333333333333333,"transmissible","Low-transmissible"
"313","Anhui1","H7N9","H7","d5","SPOT","30min","6091",0.830857538857573,4.12148385306535,3.29062631420778,1.13957442522992,4.6651812669564,3.52560684172648,0.333333333333333,"transmissible","Low-transmissible"
"314","Anhui1","H7N9","H7","d5","SPOT","30min","6093",0,3.30907021687083,0,0,3.5321807577562,0,0.333333333333333,"transmissible","Low-transmissible"
"315","Anhui1","H7N9","H7","d5","SPOT","30min","6095",0,3.81919951394057,0,0,3.2357206826128,0,0.333333333333333,"transmissible","Low-transmissible"
"316","Anhui1","H7N9","H7","d5","NIOSH","30min","6091",1.06963592814139,4.73447529449674,3.66483936635534,1.67768628315854,5.65809495730246,3.98040867414392,0.333333333333333,"transmissible","Low-transmissible"
"317","Anhui1","H7N9","H7","d5","NIOSH","30min","6091",0,4.22835634675543,0,1.67768628315854,5.65809495730246,3.98040867414392,0.333333333333333,"transmissible","Low-transmissible"
"318","Anhui1","H7N9","H7","d5","NIOSH","30min","6093",0,4.60104019952699,0,1.77815125038364,5.26332814131729,3.48517689093365,0.333333333333333,"transmissible","Low-transmissible"
"319","Anhui1","H7N9","H7","d5","NIOSH","30min","6093",0,3.80906602842026,0,1.77815125038364,5.26332814131729,3.48517689093365,0.333333333333333,"transmissible","Low-transmissible"
"320","Anhui1","H7N9","H7","d5","NIOSH","30min","6095",0,4.79342015608752,0,1.43241151975018,5.22361169048382,3.79120017073364,0.333333333333333,"transmissible","Low-transmissible"
"321","Anhui1","H7N9","H7","d5","NIOSH","30min","6095",0,3.3816982717894,0,1.43241151975018,5.22361169048382,3.79120017073364,0.333333333333333,"transmissible","Low-transmissible"
"322","Anhui1","H7N9","H7","d5","NW","","6091",5,9.02086867766188,4.02086867766188,6.8208579894397,8.91329629309492,2.09243830365522,0.333333333333333,"transmissible","Low-transmissible"
"323","Anhui1","H7N9","H7","d5","NW","","6093",5.20411998265593,8.88159285802109,3.67747287536516,6.40654018043396,8.95157364286036,2.54503346242641,0.333333333333333,"transmissible","Low-transmissible"
"324","Anhui1","H7N9","H7","d5","NW","","6095",5.14612803567824,9.21786232701687,4.07173429133863,6.61804809671209,9.38966165432561,2.77161355761352,0.333333333333333,"transmissible","Low-transmissible"
"325","CO137","H5N1","B3.13","d1","SPOT","60min","4683",1.70243047440345,5.65105398376464,3.94862350936118,1.13151736329936,5.26833999727696,4.13682263397761,0,"non-transmissible","Non-transmissible"
"326","CO137","H5N1","B3.13","d1","SPOT","60min","4684",0,5.5609714326396,0,0.585405066190726,5.54602762586067,4.96062255966995,0,"non-transmissible","Non-transmissible"
"327","CO137","H5N1","B3.13","d1","SPOT","60min","4685",0,4.28892389088752,0,0.534159755690027,4.84685992587509,4.31270017018507,0,"non-transmissible","Non-transmissible"
"328","CO137","H5N1","B3.13","d1","NIOSH","60min","4683",0.11539341870207,4.90099476978797,4.7856013510859,1.61370397249167,6.44079340464284,4.82708943215117,0,"non-transmissible","Non-transmissible"
"329","CO137","H5N1","B3.13","d1","NIOSH","60min","4684",0.416423414366051,4.67749467870267,4.26107126433662,1.52435983160563,6.16277832392798,4.63841849232236,0,"non-transmissible","Non-transmissible"
"330","CO137","H5N1","B3.13","d1","NIOSH","60min","4685",0.768605932477413,5.16856862575751,4.39996269328009,1.09025038333931,5.46752446627126,4.37727408293195,0,"non-transmissible","Non-transmissible"
"331","CO137","H5N1","B3.13","d1","NW","","4683",6.39794000867204,9.40327753765627,3.00533752898423,6.78175537465247,10.121285235385,3.33952986073249,0,"non-transmissible","Non-transmissible"
"332","CO137","H5N1","B3.13","d1","NW","","4684",5.27875360095283,8.92950659930052,3.65075299834769,6.73996769675951,10.1269772954645,3.387009598705,0,"non-transmissible","Non-transmissible"
"333","CO137","H5N1","B3.13","d1","NW","","4685",6,9.56291929839431,3.56291929839431,6.81291335664286,9.87517633100767,3.06226297436481,0,"non-transmissible","Non-transmissible"
"334","CO137","H5N1","B3.13","d2","SPOT","60min","4683",0,5.27293860958007,0,1.13151736329936,5.26833999727696,4.13682263397761,0,"non-transmissible","Non-transmissible"
"335","CO137","H5N1","B3.13","d2","SPOT","60min","4684",0.680287729326191,5.71539413967387,5.03510641034768,0.585405066190726,5.54602762586067,4.96062255966995,0,"non-transmissible","Non-transmissible"
"336","CO137","H5N1","B3.13","d2","SPOT","60min","4685",1.20316647460653,5.48931762789651,4.28615115328998,0.534159755690027,4.84685992587509,4.31270017018507,0,"non-transmissible","Non-transmissible"
"337","CO137","H5N1","B3.13","d2","NIOSH","60min","4683",0,4.66132528971122,0,1.61370397249167,6.44079340464284,4.82708943215117,0,"non-transmissible","Non-transmissible"
"338","CO137","H5N1","B3.13","d2","NIOSH","60min","4684",0.330993219095711,5.65202587737527,5.32103265827956,1.52435983160563,6.16277832392798,4.63841849232236,0,"non-transmissible","Non-transmissible"
"339","CO137","H5N1","B3.13","d2","NIOSH","60min","4685",1.27300127206374,5.64292213308817,4.36992086102443,1.09025038333931,5.46752446627126,4.37727408293195,0,"non-transmissible","Non-transmissible"
"340","CO137","H5N1","B3.13","d2","NW","","4683",6.17609125905568,9.82561303317557,3.64952177411989,6.78175537465247,10.121285235385,3.33952986073249,0,"non-transmissible","Non-transmissible"
"341","CO137","H5N1","B3.13","d2","NW","","4684",6.38021124171161,9.90036092574661,3.520149684035,6.73996769675951,10.1269772954645,3.387009598705,0,"non-transmissible","Non-transmissible"
"342","CO137","H5N1","B3.13","d2","NW","","4685",7.07918124604763,10.0549463529115,2.97576510686389,6.81291335664286,9.87517633100767,3.06226297436481,0,"non-transmissible","Non-transmissible"
"343","CO137","H5N1","B3.13","d3","SPOT","60min","4683",1.10625646159847,4.63290127945423,3.52664481785576,1.13151736329936,5.26833999727696,4.13682263397761,0,"non-transmissible","Non-transmissible"
"344","CO137","H5N1","B3.13","d3","SPOT","60min","4684",0.923524585286227,5.37709898457156,4.45357439928533,0.585405066190726,5.54602762586067,4.96062255966995,0,"non-transmissible","Non-transmissible"
"345","CO137","H5N1","B3.13","d3","NIOSH","60min","4683",1.90778510820032,6.72812788162195,4.82034277342163,1.61370397249167,6.44079340464284,4.82708943215117,0,"non-transmissible","Non-transmissible"
"346","CO137","H5N1","B3.13","d3","NIOSH","60min","4684",1.77815125038364,6.29320798728014,4.5150567368965,1.52435983160563,6.16277832392798,4.63841849232236,0,"non-transmissible","Non-transmissible"
"347","CO137","H5N1","B3.13","d3","NW","","4683",6.81954393554187,10.0222881061376,3.20274417059577,6.78175537465247,10.121285235385,3.33952986073249,0,"non-transmissible","Non-transmissible"
"348","CO137","H5N1","B3.13","d3","NW","","4684",6.77815125038364,10.0018283702354,3.22367711985174,6.73996769675951,10.1269772954645,3.387009598705,0,"non-transmissible","Non-transmissible"
"349","NE14","H1N1","H1","d1","SPOT","30min","6775",0.544067982308202,2.86080972659964,2.31674174429144,1.8570617513209,4.48706783617838,2.63000608485748,1,"transmissible","High-transmissible"
"350","NE14","H1N1","H1","d1","SPOT","30min","6051",1.47982708605351,3.3286561649313,1.84882907887779,1.21695139420002,4.58044914794649,3.36349775374647,1,"transmissible","High-transmissible"
"351","NE14","H1N1","H1","d1","NIOSH","60min","6775",1.22933677100891,3.98973178519731,2.76039501418841,2.40235484946933,5.96914131806241,3.56678646859308,1,"transmissible","High-transmissible"
"352","NE14","H1N1","H1","d1","NIOSH","60min","6051",1.33287736291598,3.97283780734546,2.63996044442948,2.61508050132047,6.84434340346995,4.22926290214948,1,"transmissible","High-transmissible"
"353","NE14","H1N1","H1","d1","NIOSH","30min","6775",1.31951340135799,3.91490069020057,2.59538728884258,2.40235484946933,5.96914131806241,3.56678646859308,1,"transmissible","High-transmissible"
"354","NE14","H1N1","H1","d1","NIOSH","30min","6051",1.68359514276906,4.19195166054688,2.50835651777782,2.61508050132047,6.84434340346995,4.22926290214948,1,"transmissible","High-transmissible"
"355","NE14","H1N1","H1","d1","NW","","6775",7.49136169383427,10.5438756685105,3.05251397467618,7.25527250510331,10.4700394989138,3.21476699381045,1,"transmissible","High-transmissible"
"356","NE14","H1N1","H1","d1","NW","","6051",8.07918124604763,10.8572931997544,2.77811195370682,7.78692879379675,10.657728855938,2.87080006214125,1,"transmissible","High-transmissible"
"357","NE14","H1N1","H1","d2","SPOT","30min","6775",0.555063366609666,4.22210148824235,3.66703812163269,1.8570617513209,4.48706783617838,2.63000608485748,1,"transmissible","High-transmissible"
"358","NE14","H1N1","H1","d2","SPOT","30min","6051",1.22455458095021,4.92602408939183,3.70146950844162,1.21695139420002,4.58044914794649,3.36349775374647,1,"transmissible","High-transmissible"
"359","NE14","H1N1","H1","d2","NIOSH","60min","6775",1.42714727975782,5.09558951149273,3.6684422317349,2.40235484946933,5.96914131806241,3.56678646859308,1,"transmissible","High-transmissible"
"360","NE14","H1N1","H1","d2","NIOSH","60min","6051",2.2871198723553,5.65357195111297,3.36645207875767,2.61508050132047,6.84434340346995,4.22926290214948,1,"transmissible","High-transmissible"
"361","NE14","H1N1","H1","d2","NIOSH","30min","6775",1.88624543034421,5.41516662626756,3.52892119592335,2.40235484946933,5.96914131806241,3.56678646859308,1,"transmissible","High-transmissible"
"362","NE14","H1N1","H1","d2","NIOSH","30min","6051",2.69517701531888,7.11355015997161,4.41837314465273,2.61508050132047,6.84434340346995,4.22926290214948,1,"transmissible","High-transmissible"
"363","NE14","H1N1","H1","d2","NW","","6775",6,10.0496211669369,4.04962116693692,7.25527250510331,10.4700394989138,3.21476699381045,1,"transmissible","High-transmissible"
"364","NE14","H1N1","H1","d2","NW","","6051",6,9.94620810307033,3.94620810307033,7.78692879379675,10.657728855938,2.87080006214125,1,"transmissible","High-transmissible"
"365","NE14","H1N1","H1","d3","SPOT","30min","6775",2.51203175030789,5.03808283444498,2.52605108413708,1.8570617513209,4.48706783617838,2.63000608485748,1,"transmissible","High-transmissible"
"366","NE14","H1N1","H1","d3","SPOT","30min","6051",1.11979903491382,3.83235645947158,2.71255742455777,1.21695139420002,4.58044914794649,3.36349775374647,1,"transmissible","High-transmissible"
"367","NE14","H1N1","H1","d3","NIOSH","60min","6775",2.09992073204586,5.45296382131309,3.35304308926723,2.40235484946933,5.96914131806241,3.56678646859308,1,"transmissible","High-transmissible"
"368","NE14","H1N1","H1","d3","NIOSH","60min","6051",0.513333427374107,6.01172410654474,5.49839067917063,2.61508050132047,6.84434340346995,4.22926290214948,1,"transmissible","High-transmissible"
"369","NE14","H1N1","H1","d3","NIOSH","30min","6775",2.80558949873058,6.42396898396055,3.61837948522997,2.40235484946933,5.96914131806241,3.56678646859308,1,"transmissible","High-transmissible"
"370","NE14","H1N1","H1","d3","NIOSH","30min","6051",2.29437036599524,4.33959925782936,2.04522889183412,2.61508050132047,6.84434340346995,4.22926290214948,1,"transmissible","High-transmissible"
"371","NE14","H1N1","H1","d3","NW","","6775",6.47712125471966,9.21065293977609,2.73353168505642,7.25527250510331,10.4700394989138,3.21476699381045,1,"transmissible","High-transmissible"
"372","NE14","H1N1","H1","d3","NW","","6051",5.65321251377534,9.10628221236134,3.45306969858599,7.78692879379675,10.657728855938,2.87080006214125,1,"transmissible","High-transmissible"
"373","NE14","H1N1","H1","d5","SPOT","30min","6775",1.13188753452155,5.0789991501782,3.94711161565664,1.8570617513209,4.48706783617838,2.63000608485748,1,"transmissible","High-transmissible"
"374","NE14","H1N1","H1","d5","SPOT","30min","6051",1.70591880224927,4.02438573986124,2.31846693761197,1.21695139420002,4.58044914794649,3.36349775374647,1,"transmissible","High-transmissible"
"375","NE14","H1N1","H1","d5","NIOSH","30min","6775",2.31405050565649,6.97335323132238,4.65930272566589,2.40235484946933,5.96914131806241,3.56678646859308,1,"transmissible","High-transmissible"
"376","NE14","H1N1","H1","d5","NIOSH","30min","6051",2.12399359046399,6.31573172130181,4.19173813083782,2.61508050132047,6.84434340346995,4.22926290214948,1,"transmissible","High-transmissible"
"377","NE14","H1N1","H1","d5","NW","","6775",5.26717172840301,8.78283721353712,3.51566548513411,7.25527250510331,10.4700394989138,3.21476699381045,1,"transmissible","High-transmissible"
"378","NE14","H1N1","H1","d5","NW","","6051",5.07918124604763,8.90759848579939,3.82841723975177,7.78692879379675,10.657728855938,2.87080006214125,1,"transmissible","High-transmissible"
